{"cameraMode":{"drawMode":0,"name":"Shaded","section":"Shading Mode"},"sceneLighting":true,"audioPlay":false,"sceneViewState":{"showFog":true,"showMaterialUpdate":false,"showSkybox":true,"showFlares":true,"showImageEffects":true,"showParticleSystems":true},"in2DMode":false,"pivot":{"x":-1.1735674142837525,"y":1.3009105920791627,"z":-2.3020217418670656},"rotation":{"x":-0.10448654741048813,"y":-0.7963773012161255,"z":0.1439337134361267,"w":-0.5780835747718811},"size":1.867741346359253,"orthographic":false}