{"cameraMode":{"drawMode":0,"name":"Shaded","section":"Shading Mode"},"sceneLighting":true,"audioPlay":false,"sceneViewState":{"showFog":true,"showMaterialUpdate":false,"showSkybox":true,"showFlares":true,"showImageEffects":true,"showParticleSystems":true},"in2DMode":false,"pivot":{"x":-0.5517045259475708,"y":1.5776580572128297,"z":-1.9129431247711182},"rotation":{"x":0.010919604450464249,"y":-0.7865598201751709,"z":-0.013917841948568821,"w":-0.6172793507575989},"size":1.867741346359253,"orthographic":false}